<?xml-model href="xmlConfig.xsd" type="application/xml" schematypens="http://www.w3.org/2001/XMLSchema"?>
<configuracion>
    <ip>127.0.0.1</ip>
    <nombreBD>proyecto_modular</nombreBD>
    <usuario>
        <nombre>a2da_conexion</nombre>
        <clave>123456</clave>
        <rol>conexion</rol>
    </usuario>
    <usuario>
        <nombre>a2da_estandar</nombre>
        <clave>renaido</clave>
        <rol>estandar</rol>
    </usuario>
    <usuario>
        <nombre>a2da_admin</nombre>
        <clave>abc123.</clave>
        <rol>admin</rol>
    </usuario>
</configuracion>